batter,innings,total_runs,total_balls,total_fours,total_sixes,highest_score,fifties,hundreds,career_sr,avg
A Ashish Reddy,23,280,193,16,15,36,0,0,145.08,12.17
A Badoni,35,634,472,46,24,59,4,0,134.32,18.11
A Chandila,2,4,7,0,0,4,0,0,57.14,2.0
A Chopra,6,53,71,7,0,24,0,0,74.65,8.83
A Choudhary,3,25,20,1,1,15,0,0,125.0,8.33
A Dananjaya,1,4,5,0,0,4,0,0,80.0,4.0
A Flintoff,3,62,53,5,2,24,0,0,116.98,20.67
A Kamboj,1,2,2,0,0,2,0,0,100.0,2.0
A Kumble,15,35,47,3,0,8,0,0,74.47,2.33
A Manohar,15,231,174,21,10,43,0,0,132.76,15.4
A Mishra,55,381,417,31,5,31,0,0,91.37,6.93
A Mithun,6,34,26,4,1,11,0,0,130.77,5.67
A Mukund,2,19,22,1,0,19,0,0,86.36,9.5
A Nehra,17,41,60,3,1,22,0,0,68.33,2.41
A Nortje,13,49,49,6,0,23,0,0,100.0,3.77
A Raghuvanshi,7,163,105,16,8,54,1,0,155.24,23.29
A Singh,5,2,9,0,0,1,0,0,22.22,0.4
A Symonds,36,974,745,74,41,117,6,1,130.74,27.06
A Tomar,1,4,8,1,0,4,0,0,50.0,4.0
A Uniyal,2,4,7,0,0,4,0,0,57.14,2.0
A Zampa,5,15,24,1,0,7,0,0,62.5,3.0
AA Bilakhia,7,69,84,5,0,22,0,0,82.14,9.86
AA Chavan,3,12,11,2,0,7,0,0,109.09,4.0
AA Jhunjhunwala,15,217,209,19,5,53,1,0,103.83,14.47
AA Kulkarni,2,9,8,2,0,9,0,0,112.5,4.5
AA Noffke,1,9,10,1,0,9,0,0,90.0,9.0
AB Agarkar,18,179,151,13,5,39,0,0,118.54,9.94
AB Barath,3,42,42,5,1,33,0,0,100.0,14.0
AB Dinda,16,26,48,2,0,7,0,0,54.17,1.62
AB McDonald,9,123,100,9,4,33,0,0,123.0,13.67
AB de Villiers,170,5181,3400,414,253,133,44,3,152.38,30.48
AC Blizzard,7,120,90,21,2,51,1,0,133.33,17.14
AC Gilchrist,80,2069,1483,239,92,109,13,2,139.51,25.86
AC Thomas,4,20,19,1,1,12,0,0,105.26,5.0
AC Voges,7,181,143,15,3,45,0,0,126.57,25.86
AD Hales,6,148,117,13,6,45,0,0,126.5,24.67
AD Mascarenhas,11,79,78,5,1,27,0,0,101.28,7.18
AD Mathews,41,724,573,44,29,65,1,0,126.35,17.66
AD Nath,10,90,98,7,2,24,0,0,91.84,9.0
AD Russell,104,2488,1407,171,209,88,11,0,176.83,23.92
AF Milne,6,23,29,0,1,15,0,0,79.31,3.83
AG Murtaza,3,10,14,1,0,5,0,0,71.43,3.33
AG Paunikar,5,49,55,9,0,20,0,0,89.09,9.8
AJ Finch,90,2092,1626,214,78,88,15,0,128.66,23.24
AJ Hosein,1,16,10,1,1,16,0,0,160.0,16.0
AJ Turner,6,24,28,0,2,16,0,0,85.71,4.0
AJ Tye,13,91,75,6,5,25,0,0,121.33,7.0
AK Markram,42,995,764,73,35,68,5,0,130.24,23.69
AL Menaria,23,401,354,24,18,40,0,0,113.28,17.43
AM Nayar,50,672,573,55,20,45,0,0,117.28,13.44
AM Rahane,171,4642,3757,479,103,105,32,2,123.56,27.15
AN Ahmed,6,36,26,4,1,18,0,0,138.46,6.0
AN Ghosh,2,7,8,1,0,7,0,0,87.5,3.5
AP Dole,2,34,22,3,1,30,0,0,154.55,17.0
AP Majumdar,4,87,76,7,2,31,0,0,114.47,21.75
AP Tare,27,339,272,40,11,59,1,0,124.63,12.56
AR Bawne,1,12,12,1,0,12,0,0,100.0,12.0
AR Patel,112,1653,1259,107,79,66,3,0,131.29,14.76
AS Joseph,5,27,32,3,0,15,0,0,84.38,5.4
AS Rajpoot,7,26,41,2,1,8,0,0,63.41,3.71
AS Raut,16,194,167,13,7,36,0,0,116.17,12.12
AS Roy,6,26,24,3,0,13,0,0,108.33,4.33
AS Yadav,6,49,39,5,2,16,0,0,125.64,8.17
AT Carey,3,32,29,0,1,14,0,0,110.34,10.67
AT Rayudu,185,4348,3391,359,173,100,23,1,128.22,23.5
AU Rashid,2,22,15,2,1,18,0,0,146.67,11.0
AUK Pathan,7,39,23,5,2,14,0,0,169.57,5.57
Abdul Basith,1,1,1,0,0,1,0,0,100.0,1.0
Abdul Samad,39,579,394,37,36,37,0,0,146.95,14.85
Abdur Razzak,1,0,2,0,0,0,0,0,0.0,0.0
Abhishek Sharma,61,1377,883,128,73,75,7,0,155.95,22.57
Abishek Porel,16,360,235,37,15,65,2,0,153.19,22.5
Akash Deep,3,19,12,2,1,17,0,0,158.33,6.33
Akash Madhwal,1,4,5,0,0,4,0,0,80.0,4.0
Aman Hakim Khan,10,115,104,8,6,51,1,0,110.58,11.5
Anirudh Singh,4,63,66,6,1,40,0,0,95.45,15.75
Ankit Sharma,10,87,67,7,4,30,0,0,129.85,8.7
Ankit Soni,3,7,9,0,1,7,0,0,77.78,2.33
Anmolpreet Singh,9,139,115,19,3,36,0,0,120.87,15.44
Anuj Rawat,21,318,267,26,14,66,1,0,119.1,15.14
Anureet Singh,8,36,47,2,1,15,0,0,76.6,4.5
Arjun Tendulkar,1,13,9,0,1,13,0,0,144.44,13.0
Arshad Khan,6,96,65,5,6,58,1,0,147.69,16.0
Arshad Khan (2),1,5,4,1,0,5,0,0,125.0,5.0
Arshdeep Singh,11,29,40,4,0,10,0,0,72.5,2.64
Ashutosh Sharma,9,189,110,10,15,61,1,0,171.82,21.0
Atharva Taide,9,247,168,27,8,66,2,0,147.02,27.44
Avesh Khan,9,41,25,3,3,12,0,0,164.0,4.56
Azhar Mahmood,21,388,303,39,13,80,2,0,128.05,18.48
Azmatullah Omarzai,4,42,33,2,2,17,0,0,127.27,10.5
B Akhil,11,76,55,5,5,27,0,0,138.18,6.91
B Chipli,21,280,250,28,7,61,1,0,112.0,13.33
B Indrajith,3,21,30,2,0,15,0,0,70.0,7.0
B Kumar,65,306,325,30,3,27,0,0,94.15,4.71
B Laughlin,4,5,13,0,0,4,0,0,38.46,1.25
B Lee,19,124,96,8,8,25,0,0,129.17,6.53
B Sai Sudharsan,25,1034,735,95,32,103,7,1,140.68,41.36
B Stanlake,1,5,2,1,0,5,0,0,250.0,5.0
B Sumanth,4,35,37,3,0,16,0,0,94.59,8.75
BA Bhatt,2,6,7,0,1,6,0,0,85.71,3.0
BA Stokes,43,935,695,81,32,107,4,2,134.53,21.74
BAW Mendis,3,3,6,0,0,2,0,0,50.0,1.0
BB McCullum,109,2882,2176,293,130,158,15,2,132.44,26.44
BB Samantray,8,125,113,13,2,55,1,0,110.62,15.62
BB Sran,7,10,13,0,0,3,0,0,76.92,1.43
BCJ Cutting,17,238,141,15,19,39,0,0,168.79,14.0
BE Hendricks,2,1,3,0,0,1,0,0,33.33,0.5
BJ Haddin,1,18,11,2,1,18,0,0,163.64,18.0
BJ Hodge,63,1400,1112,122,43,73,6,0,125.9,22.22
BJ Rohrer,8,193,141,21,5,64,1,0,136.88,24.12
BMAJ Mendis,3,23,27,0,0,12,0,0,85.19,7.67
BR Dunk,3,40,35,7,0,20,0,0,114.29,13.33
BR Sharath,1,2,5,0,0,2,0,0,40.0,2.0
Basil Thampi,7,32,35,1,1,13,0,0,91.43,4.57
Bipul Sharma,17,187,123,11,9,35,0,0,152.03,11.0
C Green,28,707,457,62,32,100,3,1,154.7,25.25
C Madan,1,15,18,3,0,15,0,0,83.33,15.0
C Munro,11,177,141,19,8,40,0,0,125.53,16.09
C Nanda,1,0,1,0,0,0,0,0,0.0,0.0
C Sakariya,7,20,30,3,0,7,0,0,66.67,2.86
C de Grandhomme,21,303,224,18,18,40,0,0,135.27,14.43
CA Ingram,15,205,179,22,5,47,0,0,114.53,13.67
CA Lynn,42,1329,941,132,66,93,10,0,141.23,31.64
CA Pujara,22,390,390,50,4,51,1,0,100.0,17.73
CH Gayle,141,4997,3331,408,359,175,38,6,150.02,35.44
CH Morris,49,618,397,41,35,82,2,0,155.67,12.61
CJ Anderson,29,538,421,40,31,95,3,0,127.79,18.55
CJ Ferguson,8,98,117,9,0,23,0,0,83.76,12.25
CJ Jordan,12,81,77,3,3,30,0,0,105.19,6.75
CJ McKay,1,8,15,0,0,8,0,0,53.33,8.0
CK Kapugedera,3,16,22,0,0,8,0,0,72.73,5.33
CK Langeveldt,2,8,9,0,1,8,0,0,88.89,4.0
CL White,45,971,757,76,38,78,6,0,128.27,21.58
CM Gautam,13,169,149,17,6,33,0,0,113.42,13.0
CR Brathwaite,14,181,110,10,16,43,0,0,164.55,12.93
CR Woakes,12,78,77,7,2,18,0,0,101.3,6.5
CRD Fernando,2,4,3,0,0,2,0,0,133.33,2.0
CV Varun,10,25,46,2,0,10,0,0,54.35,2.5
D Brevis,10,230,172,17,16,49,0,0,133.72,23.0
D Ferreira,2,8,11,0,0,7,0,0,72.73,4.0
D Kalyankrishna,1,3,8,0,0,3,0,0,37.5,3.0
D Padikkal,64,1559,1262,170,42,101,10,1,123.53,24.36
D Pretorius,5,44,28,3,3,22,0,0,157.14,8.8
D Salunkhe,3,33,24,5,0,26,0,0,137.5,11.0
D Wiese,11,148,100,12,7,47,0,0,148.0,13.45
D du Preez,1,10,13,0,0,10,0,0,76.92,10.0
DA Miller,123,2924,2094,207,134,101,14,1,139.64,23.77
DA Warner,184,6567,4682,663,236,126,66,4,140.26,35.69
DAJ Bracewell,1,12,9,1,0,12,0,0,133.33,12.0
DB Das,22,304,260,23,16,35,0,0,116.92,13.82
DB Ravi Teja,25,375,315,35,9,60,1,0,119.05,15.0
DE Bollinger,4,21,22,1,1,16,0,0,95.45,5.25
DG Nalkande,2,12,12,0,1,12,0,0,100.0,6.0
DH Yagnik,17,170,133,23,2,34,0,0,127.82,10.0
DJ Bravo,110,1560,1196,120,66,70,5,0,130.43,14.18
DJ Harris,4,111,101,11,5,47,0,0,109.9,27.75
DJ Hooda,96,1466,1127,96,61,64,8,0,130.08,15.27
DJ Hussey,61,1322,1070,90,60,71,5,0,123.55,21.67
DJ Jacobs,7,92,98,10,4,32,0,0,93.88,13.14
DJ Malan,1,26,26,1,1,26,0,0,100.0,26.0
DJ Mitchell,15,351,267,28,10,63,2,0,131.46,23.4
DJ Muthuswami,1,1,3,0,0,1,0,0,33.33,1.0
DJ Thornely,4,39,53,2,2,30,0,0,73.58,9.75
DJ Willey,5,53,62,7,0,20,0,0,85.48,10.6
DJG Sammy,20,295,241,15,18,60,1,0,122.41,14.75
DJM Short,7,115,99,11,5,44,0,0,116.16,16.43
DL Chahar,12,80,59,2,6,39,0,0,135.59,6.67
DL Vettori,16,121,112,11,2,29,0,0,108.04,7.56
DM Bravo,1,6,5,1,0,6,0,0,120.0,6.0
DNT Zoysa,2,11,9,1,0,10,0,0,122.22,5.5
DP Conway,22,924,651,100,30,92,9,0,141.94,42.0
DP Nannes,2,4,13,0,0,3,0,0,30.77,2.0
DP Vijaykumar,1,1,1,0,0,1,0,0,100.0,1.0
DPMD Jayawardene,78,1808,1462,200,40,110,11,1,123.67,23.18
DR Martyn,1,19,24,1,0,19,0,0,79.17,19.0
DR Sams,13,44,44,1,3,15,0,0,100.0,3.38
DR Shorey,2,13,17,0,1,8,0,0,76.47,6.5
DR Smith,88,2385,1755,245,117,87,17,0,135.9,27.1
DS Kulkarni,20,104,108,7,2,28,0,0,96.3,5.2
DS Lehmann,2,18,18,3,0,17,0,0,100.0,9.0
DT Christian,41,460,394,23,19,39,0,0,116.75,11.22
DT Patil,2,13,13,1,0,9,0,0,100.0,6.5
DW Steyn,33,167,160,14,3,19,0,0,104.38,5.06
Dhruv Jurel,22,347,229,29,16,56,2,0,151.53,15.77
E Lewis,26,654,477,62,36,65,4,0,137.11,25.15
EJG Morgan,74,1406,1147,112,64,68,5,0,122.58,19.0
ER Dwivedi,2,24,14,2,2,19,0,0,171.43,12.0
F Behardien,3,14,13,2,0,9,0,0,107.69,4.67
F du Plessis,138,4571,3345,422,166,96,37,0,136.65,33.12
FA Allen,3,14,18,1,0,8,0,0,77.78,4.67
FH Edwards,2,4,5,0,0,3,0,0,80.0,2.0
FY Fazal,11,183,172,22,1,45,0,0,106.4,16.64
Fazalhaq Farooqi,2,3,13,0,0,2,0,0,23.08,1.5
G Coetzee,5,14,22,0,1,8,0,0,63.64,2.8
G Gambhir,151,4217,3394,492,59,93,36,0,124.25,27.93
GB Hogg,4,22,22,1,0,13,0,0,100.0,5.5
GC Smith,29,739,664,94,9,91,4,0,111.3,25.48
GC Viljoen,3,3,7,0,0,2,0,0,42.86,1.0
GD McGrath,2,4,5,1,0,4,0,0,80.0,2.0
GD Phillips,8,65,54,3,6,25,0,0,120.37,8.12
GH Vihari,23,284,319,23,1,46,0,0,89.03,12.35
GHS Garton,2,2,4,0,0,2,0,0,50.0,1.0
GJ Bailey,36,663,541,59,19,61,2,0,122.55,18.42
GJ Maxwell,128,2772,1761,233,160,95,18,0,157.41,21.66
GR Napier,1,15,16,1,0,15,0,0,93.75,15.0
Gulbadin Naib,1,19,15,1,1,19,0,0,126.67,19.0
Gurkeerat Singh,32,511,422,55,11,65,2,0,121.09,15.97
H Das,1,2,5,0,0,2,0,0,40.0,2.0
H Klaasen,32,993,584,56,64,104,7,1,170.03,31.03
HC Brook,11,190,153,23,4,100,1,1,124.18,17.27
HE van der Dussen,3,22,24,2,0,12,0,0,91.67,7.33
HF Gurney,1,1,5,0,0,1,0,0,20.0,1.0
HH Gibbs,36,886,805,83,31,69,6,0,110.06,24.61
HH Pandya,128,2534,1730,189,137,91,10,0,146.47,19.8
HM Amla,16,577,406,60,21,104,5,2,142.12,36.06
HR Shokeen,5,66,65,9,0,25,0,0,101.54,13.2
HV Patel,37,249,203,16,15,36,0,0,122.66,6.73
Harbhajan Singh,88,833,599,79,42,64,1,0,139.07,9.47
Harmeet Singh,4,18,12,3,0,14,0,0,150.0,4.5
Harpreet Brar,24,233,190,19,9,29,0,0,122.63,9.71
Harpreet Singh,8,123,118,10,3,41,0,0,104.24,15.38
Harshit Rana,3,2,3,0,0,2,0,0,66.67,0.67
I Malhotra,1,7,4,1,0,7,0,0,175.0,7.0
I Sharma,21,57,69,4,2,10,0,0,82.61,2.71
I Udana,4,15,11,1,1,10,0,0,136.36,3.75
IC Pandey,1,0,2,0,0,0,0,0,0.0,0.0
IK Pathan,82,1150,947,88,38,60,1,0,121.44,14.02
IR Jaggi,7,76,97,6,0,28,0,0,78.35,10.86
IS Sodhi,2,7,17,0,0,6,0,0,41.18,3.5
Imran Tahir,8,33,37,5,0,13,0,0,89.19,4.12
Iqbal Abdulla,13,88,82,9,1,33,0,0,107.32,6.77
Ishan Kishan,99,2644,1939,255,119,99,16,0,136.36,26.71
J Arunkumar,3,23,23,5,0,22,0,0,100.0,7.67
J Botha,28,409,358,39,5,67,1,0,114.25,14.61
J Fraser-McGurk,9,330,139,32,28,84,4,0,237.41,36.67
J Suchith,9,70,61,6,3,34,0,0,114.75,7.78
J Syed Mohammad,5,29,26,4,0,13,0,0,111.54,5.8
J Theron,4,10,12,1,0,7,0,0,83.33,2.5
J Yadav,4,40,36,2,1,23,0,0,111.11,10.0
JA Morkel,67,975,683,61,55,73,3,0,142.75,14.55
JA Richardson,3,17,26,2,0,15,0,0,65.38,5.67
JC Archer,23,199,124,11,14,27,0,0,160.48,8.65
JC Buttler,106,3583,2419,356,161,124,26,7,148.12,33.8
JD Ryder,29,604,455,69,19,86,4,0,132.75,20.83
JD Unadkat,27,197,166,16,7,26,0,0,118.67,7.3
JDP Oram,11,106,107,6,5,41,0,0,99.07,9.64
JDS Neesham,10,92,93,6,2,22,0,0,98.92,9.2
JE Root,1,10,15,1,0,10,0,0,66.67,10.0
JE Taylor,2,3,3,0,0,2,0,0,100.0,1.5
JEC Franklin,16,327,300,25,9,79,1,0,109.0,20.44
JH Kallis,95,2427,2213,255,44,89,17,0,109.67,25.55
JJ Bumrah,26,68,77,5,1,16,0,0,88.31,2.62
JJ Roy,21,614,441,75,21,91,4,0,139.23,29.24
JJ van der Wath,3,18,16,1,1,14,0,0,112.5,6.0
JL Denly,1,0,1,0,0,0,0,0,0.0,0.0
JL Pattinson,2,15,13,2,0,11,0,0,115.38,7.5
JM Bairstow,50,1589,1096,166,69,114,11,2,144.98,31.78
JM Kemp,2,26,24,1,1,22,0,0,108.33,13.0
JM Sharma,36,730,481,53,45,49,0,0,151.77,20.28
JO Holder,27,259,209,13,18,47,0,0,123.92,9.59
JP Behrendorff,2,6,9,0,0,3,0,0,66.67,3.0
JP Duminy,75,2029,1631,126,79,78,14,0,124.4,27.05
JP Faulkner,45,527,385,36,23,46,0,0,136.88,11.71
JPR Scantlebury-Searles,2,8,6,0,1,6,0,0,133.33,4.0
JR Hazlewood,6,19,28,1,0,7,0,0,67.86,3.17
JR Hopes,19,417,305,49,11,71,4,0,136.72,21.95
JR Philippe,5,78,77,9,1,33,0,0,101.3,15.6
Jaskaran Singh,4,8,11,0,0,4,0,0,72.73,2.0
Joginder Sharma,5,36,30,1,2,16,0,0,120.0,7.2
K Goel,16,218,231,17,9,38,0,0,94.37,13.62
K Gowtham,27,247,148,15,17,33,0,0,166.89,9.15
K Kartikeya,2,9,12,1,0,6,0,0,75.0,4.5
K Rabada,28,206,192,16,8,44,0,0,107.29,7.36
K Upadhyay,2,12,9,0,1,11,0,0,133.33,6.0
K Yadav,1,0,4,0,0,0,0,0,0.0,0.0
KA Jamieson,7,65,55,5,3,16,0,0,118.18,9.29
KA Maharaj,1,1,2,0,0,1,0,0,50.0,1.0
KA Pollard,168,3437,2315,221,224,87,16,0,148.47,20.46
KAJ Roach,1,10,9,1,0,10,0,0,111.11,10.0
KB Arun Karthik,8,51,51,4,1,19,0,0,100.0,6.38
KC Cariappa,5,24,21,0,2,12,0,0,114.29,4.8
KC Sangakkara,68,1687,1385,195,27,94,10,0,121.81,24.81
KD Karthik,233,4843,3570,466,161,97,22,0,135.66,20.79
KH Pandya,107,1647,1239,144,61,86,1,0,132.93,15.39
KJ Abbott,3,13,8,0,1,12,0,0,162.5,4.33
KK Ahmed,5,1,7,0,0,1,0,0,14.29,0.2
KK Cooper,12,116,67,9,8,32,0,0,173.13,9.67
KK Nair,68,1496,1169,161,39,83,10,0,127.97,22.0
KL Nagarkoti,7,22,33,1,0,8,0,0,66.67,3.14
KL Rahul,122,4689,3474,400,187,132,41,4,134.97,38.43
KM Asif,1,0,2,0,0,0,0,0,0.0,0.0
KM Jadhav,81,1208,969,102,40,69,4,0,124.66,14.91
KMA Paul,5,18,24,1,1,7,0,0,75.0,3.6
KMDN Kulasekara,1,5,3,1,0,5,0,0,166.67,5.0
KP Appanna,3,2,4,0,0,1,0,0,50.0,0.67
KP Pietersen,36,1001,742,91,40,103,5,1,134.91,27.81
KR Mayers,13,379,258,38,22,73,4,0,146.9,29.15
KR Sen,1,0,3,0,0,0,0,0,0.0,0.0
KS Bharat,8,199,161,12,8,78,1,0,123.6,24.88
KS Sharma,3,16,25,1,0,9,0,0,64.0,5.33
KS Williamson,76,2132,1692,187,64,89,18,0,126.0,28.05
KV Sharma,39,351,294,20,17,39,0,0,119.39,9.0
KW Richardson,4,36,39,2,1,26,0,0,92.31,9.0
Kamran Akmal,6,128,77,13,8,53,1,0,166.23,21.33
Kamran Khan,1,3,5,0,0,3,0,0,60.0,3.0
Karanveer Singh,4,12,17,1,0,5,0,0,70.59,3.0
Kartik Tyagi,6,13,16,1,0,7,0,0,81.25,2.17
Kuldeep Yadav,32,183,216,16,3,35,0,0,84.72,5.72
Kumar Kushagra,3,3,7,0,0,2,0,0,42.86,1.0
L Ablish,1,0,2,0,0,0,0,0,0.0,0.0
L Balaji,13,36,49,2,1,15,0,0,73.47,2.77
L Ronchi,5,34,34,6,1,13,0,0,100.0,6.8
L Wood,1,9,3,0,1,9,0,0,300.0,9.0
LA Carseldine,5,81,66,11,0,39,0,0,122.73,16.2
LA Pomersbach,16,302,243,25,13,79,1,0,124.28,18.88
LB Williams,1,1,2,0,0,1,0,0,50.0,1.0
LE Plunkett,2,1,3,0,0,1,0,0,33.33,0.5
LH Ferguson,7,68,45,6,2,24,0,0,151.11,9.71
LJ Wright,5,106,59,16,3,44,0,0,179.66,21.2
LMP Simmons,29,1079,848,109,44,100,12,1,127.24,37.21
LPC Silva,3,40,26,5,1,23,0,0,153.85,13.33
LR Shukla,33,405,350,33,16,48,0,0,115.71,12.27
LRPL Taylor,54,1017,818,66,46,81,3,0,124.33,18.83
LS Livingstone,39,939,571,66,66,94,6,0,164.45,24.08
Lalit Yadav,21,305,285,27,7,48,0,0,107.02,14.52
Liton Das,1,4,4,1,0,4,0,0,100.0,4.0
M Ashwin,12,35,50,2,1,9,0,0,70.0,2.92
M Jansen,12,66,66,5,2,17,0,0,100.0,5.5
M Kaif,22,259,249,22,6,34,0,0,104.02,11.77
M Kartik,14,113,107,7,1,21,0,0,105.61,8.07
M Klinger,4,73,75,9,0,29,0,0,97.33,18.25
M Manhas,38,514,470,43,10,42,0,0,109.36,13.53
M Markande,10,48,42,5,1,18,0,0,114.29,4.8
M Morkel,20,126,89,11,5,23,0,0,141.57,6.3
M Muralitharan,9,20,29,1,0,6,0,0,68.97,2.22
M Ntini,2,11,18,2,0,11,0,0,61.11,5.5
M Prasidh Krishna,7,9,24,0,0,4,0,0,37.5,1.29
M Rawat,11,55,69,4,1,23,0,0,79.71,5.0
M Shahrukh Khan,37,553,391,35,37,58,1,0,141.43,14.95
M Theekshana,2,7,7,0,1,7,0,0,100.0,3.5
M Vijay,105,2619,2148,247,91,127,15,2,121.93,24.94
M Vohra,51,1083,828,104,43,95,3,0,130.8,21.24
M de Lange,1,1,2,0,0,1,0,0,50.0,1.0
MA Agarwal,121,2669,1990,265,98,106,14,1,134.12,22.06
MA Khote,3,24,22,2,1,9,0,0,109.09,8.0
MA Starc,16,105,109,11,0,29,0,0,96.33,6.56
MA Wood,3,12,8,1,1,10,0,0,150.0,4.0
MC Henriques,54,1000,785,87,28,74,5,0,127.39,18.52
MC Juneja,7,125,128,11,1,49,0,0,97.66,17.86
MD Mishra,17,237,206,24,8,41,0,0,115.05,13.94
MD Shanaka,3,26,26,2,1,17,0,0,100.0,8.67
MDKJ Perera,2,14,13,3,0,14,0,0,107.69,7.0
MEK Hussey,58,1977,1610,198,52,116,16,1,122.8,34.09
MF Maharoof,14,177,123,12,9,39,0,0,143.9,12.64
MG Bracewell,4,58,47,6,1,26,0,0,123.4,14.5
MG Johnson,28,167,163,10,7,16,0,0,102.45,5.96
MJ Clarke,6,98,94,12,0,41,0,0,104.26,16.33
MJ Guptill,13,271,196,24,15,50,1,0,138.27,20.85
MJ Lumb,12,278,191,45,6,83,1,0,145.55,23.17
MJ McClenaghan,20,85,69,5,7,20,0,0,123.19,4.25
MJ Santner,11,70,70,4,3,22,0,0,100.0,6.36
MJ Suthar,1,1,2,0,0,1,0,0,50.0,1.0
MK Lomror,35,527,372,33,30,54,1,0,141.67,15.06
MK Pandey,158,3859,3174,335,111,114,23,1,121.58,24.42
MK Tiwary,83,1695,1444,156,40,75,7,0,117.38,20.42
ML Hayden,32,1107,799,121,44,93,8,0,138.55,34.59
MM Ali,57,1162,818,95,67,93,6,0,142.05,20.39
MM Patel,12,39,41,5,0,23,0,0,95.12,3.25
MM Sharma,28,124,133,9,4,21,0,0,93.23,4.43
MN Samuels,14,161,172,9,7,46,0,0,93.6,11.5
MN van Wyk,5,167,131,19,1,74,1,0,127.48,33.4
MP Stoinis,88,1866,1308,150,91,124,10,1,142.66,21.2
MR Marsh,36,665,521,48,38,89,3,0,127.64,18.47
MS Bisla,39,798,700,93,23,92,4,0,114.0,20.46
MS Dhoni,228,5243,3790,363,252,84,24,0,138.34,23.0
MS Gony,15,99,70,6,8,42,0,0,141.43,6.6
MS Wade,14,183,177,23,2,35,0,0,103.39,13.07
MV Boucher,23,394,307,32,13,50,1,0,128.34,17.13
MW Short,6,117,92,15,4,36,0,0,127.17,19.5
Mandeep Singh,97,1706,1385,176,38,77,6,0,123.18,17.59
Mashrafe Mortaza,1,2,2,0,0,2,0,0,100.0,2.0
Mayank Dagar,1,0,1,0,0,0,0,0,0.0,0.0
Misbah-ul-Haq,8,117,81,10,6,47,0,0,144.44,14.62
Mohammad Ashraful,1,2,10,0,0,2,0,0,20.0,2.0
Mohammad Asif,2,3,6,0,0,3,0,0,50.0,1.5
Mohammad Hafeez,8,64,83,7,2,16,0,0,77.11,8.0
Mohammad Nabi,19,221,151,18,12,37,0,0,146.36,11.63
Mohammed Shami,23,74,79,6,2,21,0,0,93.67,3.22
Mohammed Siraj,20,109,117,10,4,14,0,0,93.16,5.45
Mohit Rathee,1,1,2,0,0,1,0,0,50.0,1.0
Mohsin Khan,5,25,24,2,1,13,0,0,104.17,5.0
Mujeeb Ur Rahman,6,12,15,2,0,10,0,0,80.0,2.0
Mukesh Choudhary,2,6,6,1,0,4,0,0,100.0,3.0
Mukesh Kumar,5,10,18,0,0,6,0,0,55.56,2.0
Mustafizur Rahman,6,13,23,0,1,8,0,0,56.52,2.17
N Jagadeesan,10,162,147,21,2,39,0,0,110.2,16.2
N Pooran,72,1769,1090,113,127,77,9,0,162.29,24.57
N Rana,101,2636,1946,234,132,87,18,0,135.46,26.1
N Saini,10,140,140,16,0,50,1,0,100.0,14.0
N Wadhera,16,350,250,32,18,64,2,0,140.0,21.88
ND Doshi,1,0,13,0,0,0,0,0,0.0,0.0
NJ Maddinson,3,20,21,4,0,12,0,0,95.24,6.67
NJ Rimmington,1,1,1,0,0,1,0,0,100.0,1.0
NK Patel,6,121,119,14,1,57,1,0,101.68,20.17
NL McCullum,2,26,22,0,1,15,0,0,118.18,13.0
NLTC Perera,30,424,306,23,26,40,0,0,138.56,14.13
NM Coulter-Nile,16,82,72,7,4,24,0,0,113.89,5.12
NS Naik,4,31,50,2,0,22,0,0,62.0,7.75
NT Ellis,5,19,25,0,1,12,0,0,76.0,3.8
NV Ojha,94,1554,1308,121,79,94,6,0,118.81,16.53
Naman Dhir,7,140,78,12,10,62,1,0,179.49,20.0
Navdeep Saini,7,33,37,3,0,12,0,0,89.19,4.71
Naveen-ul-Haq,4,18,24,2,0,13,0,0,75.0,4.5
Nithish Kumar Reddy,11,303,212,15,21,76,2,0,142.92,27.55
Noor Ahmad,5,13,18,2,0,7,0,0,72.22,2.6
OA Shah,22,506,388,34,23,76,4,0,130.41,23.0
OC McCoy,1,8,5,0,1,8,0,0,160.0,8.0
OF Smith,6,51,44,1,5,25,0,0,115.91,8.5
P Awana,5,5,14,0,0,4,0,0,35.71,1.0
P Chopra,1,8,6,2,0,8,0,0,133.33,8.0
P Dogra,12,127,138,4,5,41,0,0,92.03,10.58
P Dubey,2,23,33,2,0,16,0,0,69.7,11.5
P Kumar,57,340,312,22,17,34,0,0,108.97,5.96
P Negi,35,365,288,27,16,36,0,0,126.74,10.43
P Parameswaran,2,1,2,0,0,1,0,0,50.0,0.5
P Ray Barman,1,19,24,2,0,19,0,0,79.17,19.0
P Sahu,2,19,13,1,1,18,0,0,146.15,9.5
P Simran Singh,34,756,516,78,41,103,4,1,146.51,22.24
PA Patel,136,2848,2350,365,49,81,13,0,121.19,20.94
PA Reddy,10,164,160,15,2,42,0,0,102.5,16.4
PBB Rajapaksa,13,277,190,22,15,50,1,0,145.79,21.31
PC Valthaty,23,505,414,61,20,120,3,1,121.98,21.96
PD Collingwood,7,203,156,9,13,75,3,0,130.13,29.0
PD Salt,21,653,368,74,34,89,6,0,177.45,31.1
PJ Cummins,39,515,342,33,34,66,3,0,150.58,13.21
PJ Sangwan,14,26,44,1,0,6,0,0,59.09,1.86
PK Garg,19,273,238,16,9,51,1,0,114.71,14.37
PM Sarvesh Kumar,1,1,2,0,0,1,0,0,50.0,1.0
PN Mankad,5,97,72,13,2,64,1,0,134.72,19.4
PP Chawla,86,624,561,56,20,24,0,0,111.23,7.26
PP Ojha,19,16,44,0,0,3,0,0,36.36,0.84
PP Shaw,79,1892,1280,238,61,99,14,0,147.81,23.95
PR Shah,9,92,90,9,2,29,0,0,102.22,10.22
PSP Handscomb,1,6,12,0,0,6,0,0,50.0,6.0
PV Tambe,6,18,38,1,0,7,0,0,47.37,3.0
PVD Chameera,7,43,28,3,3,17,0,0,153.57,6.14
PWH de Silva,14,72,73,7,1,18,0,0,98.63,5.14
Pankaj Singh,5,7,12,0,0,4,0,0,58.33,1.4
Parvez Rasool,4,17,20,1,0,10,0,0,85.0,4.25
Q de Kock,107,3160,2349,316,123,140,25,2,134.53,29.53
R Ashwin,89,800,674,61,28,50,1,0,118.69,8.99
R Bhatia,47,342,284,24,13,26,0,0,120.42,7.28
R Bishnoi,3,19,17,1,2,18,0,0,111.76,6.33
R Dhawan,22,210,187,18,7,25,0,0,112.3,9.55
R Dravid,82,2174,1878,269,28,75,11,0,115.76,26.51
R McLaren,13,159,171,14,1,51,1,0,92.98,12.23
R Ninan,1,3,5,0,0,3,0,0,60.0,3.0
R Parag,58,1173,865,84,60,84,6,0,135.61,20.22
R Powell,22,360,244,21,28,67,1,0,147.54,16.36
R Rampaul,7,51,49,3,2,23,0,0,104.08,7.29
R Ravindra,10,222,137,22,12,61,1,0,162.04,22.2
R Sai Kishore,1,13,6,0,2,13,0,0,216.67,13.0
R Sanjay Yadav,1,0,2,0,0,0,0,0,0.0,0.0
R Sathish,24,270,230,22,6,27,0,0,117.39,11.25
R Sharma,19,66,75,5,3,14,0,0,88.0,3.47
R Shepherd,9,115,62,7,10,39,0,0,185.48,12.78
R Shukla,4,19,23,2,0,14,0,0,82.61,4.75
R Tewatia,65,1013,748,84,47,53,1,0,135.43,15.58
R Vinay Kumar,42,310,274,21,9,26,0,0,113.14,7.38
RA Bawa,2,11,14,1,0,11,0,0,78.57,5.5
RA Jadeja,180,2959,2267,215,107,62,3,0,130.52,16.44
RA Tripathi,93,2236,1598,223,84,93,12,0,139.92,24.04
RD Chahar,22,129,124,13,5,25,0,0,104.03,5.86
RD Gaikwad,65,2380,1730,217,91,108,20,2,137.57,36.62
RE Levi,6,83,73,10,4,50,1,0,113.7,13.83
RE van der Merwe,15,159,141,11,8,35,0,0,112.77,10.6
RG More,1,2,2,0,0,2,0,0,100.0,2.0
RG Sharma,251,6630,5039,599,281,109,45,2,131.57,26.41
RJ Gleeson,1,2,2,0,0,2,0,0,100.0,2.0
RJ Harris,21,117,111,6,3,17,0,0,105.41,5.57
RJ Peterson,5,32,30,3,1,16,0,0,106.67,6.4
RJ Quiney,7,103,102,12,3,51,1,0,100.98,14.71
RJW Topley,1,3,6,0,0,3,0,0,50.0,3.0
RK Bhui,4,10,26,0,0,7,0,0,38.46,2.5
RK Singh,40,893,617,67,46,67,4,0,144.73,22.32
RM Patidar,24,799,502,51,54,112,8,1,159.16,33.29
RN ten Doeschate,21,326,235,26,15,70,1,0,138.72,15.52
RP Meredith,2,0,3,0,0,0,0,0,0.0,0.0
RP Singh,28,52,76,2,1,10,0,0,68.42,1.86
RR Bhatkal,1,0,2,0,0,0,0,0,0.0,0.0
RR Pant,110,3297,2206,298,154,128,19,1,149.46,29.97
RR Powar,9,67,64,6,1,28,0,0,104.69,7.44
RR Raje,5,20,18,1,1,11,0,0,111.11,4.0
RR Rossouw,22,473,306,45,25,82,2,0,154.58,21.5
RR Sarwan,4,73,75,6,1,31,0,0,97.33,18.25
RS Bopara,22,531,453,39,16,84,3,0,117.22,24.14
RS Gavaskar,1,2,8,0,0,2,0,0,25.0,2.0
RS Sodhi,1,4,2,1,0,4,0,0,200.0,4.0
RT Ponting,9,91,128,5,2,28,0,0,71.09,10.11
RV Gomez,9,50,51,5,1,26,0,0,98.04,5.56
RV Patel,7,80,73,6,2,23,0,0,109.59,11.43
RV Uthappa,197,4954,3784,481,182,88,27,0,130.92,25.15
Rahmanullah Gurbaz,13,289,215,24,19,81,2,0,134.42,22.23
Ramandeep Singh,13,170,100,8,13,35,0,0,170.0,13.08
Rashid Khan,58,545,331,39,38,79,1,0,164.65,9.4
Rasikh Salam,6,40,40,5,0,10,0,0,100.0,6.67
Ravi Bishnoi,14,32,50,2,0,6,0,0,64.0,2.29
S Anirudha,12,136,112,9,7,64,1,0,121.43,11.33
S Aravind,10,59,57,7,0,14,0,0,103.51,5.9
S Badree,5,13,23,0,0,8,0,0,56.52,2.6
S Badrinath,65,1441,1208,154,28,71,11,0,119.29,22.17
S Chanderpaul,3,25,31,4,0,16,0,0,80.65,8.33
S Dhawan,221,6769,5304,768,153,106,53,2,127.62,30.63
S Dube,61,1502,1022,86,101,95,9,0,146.97,24.62
S Gopal,22,180,169,19,2,24,0,0,106.51,8.18
S Kaul,9,20,36,1,0,7,0,0,55.56,2.22
S Kaushik,1,0,1,0,0,0,0,0,0.0,0.0
S Ladda,2,0,9,0,0,0,0,0,0.0,0.0
S Lamichhane,1,0,1,0,0,0,0,0,0.0,0.0
S Nadeem,20,39,87,2,0,6,0,0,44.83,1.95
S Narwal,4,37,27,6,0,23,0,0,137.04,9.25
S Rana,8,91,79,9,1,19,0,0,115.19,11.38
S Randiv,1,2,4,0,0,2,0,0,50.0,2.0
S Sohal,20,368,289,34,18,62,2,0,127.34,18.4
S Sreesanth,12,34,55,6,0,15,0,0,61.82,2.83
S Sriram,2,31,36,3,0,27,0,0,86.11,15.5
S Tyagi,1,3,4,0,0,3,0,0,75.0,3.0
S Vidyut,8,145,109,21,3,54,1,0,133.03,18.12
SA Abbott,3,22,18,1,2,14,0,0,122.22,7.33
SA Asnodkar,19,423,337,56,10,60,2,0,125.52,22.26
SA Yadav,135,3594,2462,385,130,103,26,2,145.98,26.62
SB Bangar,7,49,58,1,3,17,0,0,84.48,7.0
SB Dubey,3,33,19,3,2,25,0,0,173.68,11.0
SB Jakati,5,28,29,3,0,13,0,0,96.55,5.6
SB Joshi,2,6,14,0,0,3,0,0,42.86,3.0
SB Styris,10,131,132,10,3,36,0,0,99.24,13.1
SB Wagh,2,2,3,0,0,2,0,0,66.67,1.0
SC Ganguly,56,1349,1257,137,42,91,7,0,107.32,24.09
SD Chitnis,8,99,88,10,2,38,0,0,112.5,12.38
SD Hope,9,183,122,12,12,41,0,0,150.0,20.33
SD Lad,1,15,13,1,1,15,0,0,115.38,15.0
SE Bond,1,1,2,0,0,1,0,0,50.0,1.0
SE Marsh,69,2489,1866,269,78,115,21,1,133.39,36.07
SE Rutherford,9,106,104,3,8,28,0,0,101.92,11.78
SH Johnson,3,6,7,1,0,5,0,0,85.71,2.0
SJ Srivastava,4,5,5,0,0,3,0,0,100.0,1.25
SK Raina,200,5536,4025,506,204,100,40,1,137.54,27.68
SK Trivedi,14,42,58,3,1,9,0,0,72.41,3.0
SK Warne,27,198,213,14,6,34,0,0,92.96,7.33
SL Malinga,20,88,99,6,5,17,0,0,88.89,4.4
SM Curran,48,883,643,74,37,63,5,0,137.33,18.4
SM Harwood,2,9,13,0,0,6,0,0,69.23,4.5
SM Katich,11,241,185,26,8,75,2,0,130.27,21.91
SM Pollock,8,147,111,12,8,33,0,0,132.43,18.38
SMSM Senanayake,4,10,16,0,0,7,0,0,62.5,2.5
SN Khan,36,585,444,63,14,67,1,0,131.76,16.25
SN Thakur,35,307,220,27,13,68,1,0,139.55,8.77
SO Hetmyer,65,1243,807,76,82,75,4,0,154.03,19.12
SP Fleming,10,196,162,27,3,45,0,0,120.99,19.6
SP Goswami,21,293,293,32,3,52,1,0,100.0,13.95
SP Jackson,8,61,57,5,1,16,0,0,107.02,7.62
SP Narine,106,1534,924,164,97,109,8,1,166.02,14.47
SPD Smith,93,2495,1931,226,60,101,12,1,129.21,26.83
SR Tendulkar,78,2334,1941,296,29,100,14,1,120.25,29.92
SR Watson,141,3880,2801,377,190,117,25,4,138.52,27.52
SS Cottrell,1,0,2,0,0,0,0,0,0.0,0.0
SS Iyer,114,3131,2449,272,113,96,21,0,127.85,27.46
SS Prabhudessai,10,126,105,11,4,34,0,0,120.0,12.6
SS Shaikh,1,6,7,1,0,6,0,0,85.71,6.0
SS Tiwary,73,1494,1235,111,50,61,8,0,120.97,20.47
ST Jayasuriya,30,768,529,84,39,114,5,1,145.18,25.6
STR Binny,66,880,682,66,35,48,0,0,129.03,13.33
SV Samson,162,4419,3167,352,206,119,28,3,139.53,27.28
SW Billings,27,503,385,40,20,56,3,0,130.65,18.63
SW Tait,5,23,26,1,1,11,0,0,88.46,4.6
SZ Mulani,1,1,1,0,0,1,0,0,100.0,1.0
Sachin Baby,11,144,115,11,5,33,0,0,125.22,13.09
Salman Butt,7,193,160,30,2,73,1,0,120.62,27.57
Sameer Rizvi,5,51,43,4,2,21,0,0,118.6,10.2
Sandeep Sharma,25,54,69,4,0,9,0,0,78.26,2.16
Sanvir Singh,5,25,21,2,1,8,0,0,119.05,5.0
Saurav Chauhan,3,18,15,1,1,9,0,0,120.0,6.0
Shahbaz Ahmed,37,536,438,28,25,59,1,0,122.37,14.49
Shahid Afridi,9,81,46,7,6,33,0,0,176.09,9.0
Shakib Al Hasan,52,795,635,73,21,66,2,0,125.2,15.29
Shashank Singh,19,423,262,33,25,68,2,0,161.45,22.26
Shivam Mavi,11,51,56,4,2,20,0,0,91.07,4.64
Shivam Sharma,2,5,3,1,0,4,0,0,166.67,2.5
Shivam Singh,1,2,3,0,0,2,0,0,66.67,2.0
Shoaib Ahmed,3,1,6,0,0,1,0,0,16.67,0.33
Shoaib Akhtar,1,2,7,0,0,2,0,0,28.57,2.0
Shoaib Malik,5,52,46,5,0,24,0,0,113.04,10.4
Shubman Gill,99,3216,2360,310,95,129,24,4,136.27,32.48
Sikandar Raza,9,182,136,12,8,57,1,0,133.82,20.22
Simarjeet Singh,3,7,8,0,0,3,0,0,87.5,2.33
Sohail Tanvir,5,36,28,3,1,13,0,0,128.57,7.2
Sumit Kumar,3,18,24,2,1,9,0,0,75.0,6.0
Sunny Gupta,1,0,1,0,0,0,0,0,0.0,0.0
Sunny Singh,5,43,31,6,1,20,0,0,138.71,8.6
Swapnil Singh,9,51,45,3,3,15,0,0,113.33,5.67
T Banton,2,18,20,1,1,10,0,0,90.0,9.0
T Henderson,2,11,15,0,1,11,0,0,73.33,5.5
T Kohler-Cadmore,3,48,54,7,1,20,0,0,88.89,16.0
T Kohli,3,11,19,0,1,7,0,0,57.89,3.67
T Natarajan,2,3,5,0,0,3,0,0,60.0,1.5
T Shamsi,1,2,4,0,0,2,0,0,50.0,2.0
T Stubbs,17,405,232,26,26,71,3,0,174.57,23.82
T Taibu,3,31,26,3,0,15,0,0,119.23,10.33
T Thushara,4,12,18,0,0,8,0,0,66.67,3.0
TA Boult,22,83,78,5,3,17,0,0,106.41,3.77
TD Paine,2,10,26,0,0,8,0,0,38.46,5.0
TG Southee,19,120,106,8,4,36,0,0,113.21,6.32
TH David,35,659,385,38,46,46,0,0,171.17,18.83
TK Curran,10,127,107,10,3,54,1,0,118.69,12.7
TL Seifert,3,26,23,4,0,21,0,0,113.04,8.67
TL Suman,39,676,573,55,26,78,2,0,117.98,17.33
TM Dilshan,50,1153,1001,140,24,76,9,0,115.18,23.06
TM Head,25,772,441,76,40,102,6,1,175.06,30.88
TM Srivastava,3,8,11,0,0,7,0,0,72.73,2.67
TR Birt,5,75,57,9,2,27,0,0,131.58,15.0
TS Mills,5,8,14,0,1,6,0,0,57.14,1.6
TU Deshpande,4,21,14,2,1,20,0,0,150.0,5.25
Tanush Kotian,1,24,31,3,0,24,0,0,77.42,24.0
Tilak Varma,38,1156,787,90,58,84,6,0,146.89,30.42
U Kaul,1,0,1,0,0,0,0,0,0.0,0.0
UA Birla,1,7,14,1,0,7,0,0,50.0,7.0
UBT Chand,20,300,299,32,9,58,1,0,100.33,15.0
UT Khawaja,6,127,99,14,3,30,0,0,128.28,21.17
UT Yadav,48,208,201,16,9,24,0,0,103.48,4.33
Umar Gul,4,39,19,1,5,24,0,0,205.26,9.75
Umran Malik,5,23,15,1,2,19,0,0,153.33,4.6
V Kohli,244,8014,6051,708,273,113,64,8,132.44,32.84
V Pratap Singh,1,0,1,0,0,0,0,0,0.0,0.0
V Sehwag,104,2728,1740,334,106,122,18,2,156.78,26.23
V Shankar,58,1115,857,80,45,63,6,0,130.11,19.22
V Viyaskanth,1,7,5,0,0,7,0,0,140.0,7.0
VG Arora,7,9,16,0,0,2,0,0,56.25,1.29
VH Zol,2,29,26,3,1,16,0,0,111.54,14.5
VR Aaron,12,50,71,2,2,17,0,0,70.42,4.17
VR Iyer,49,1326,966,121,61,104,12,1,137.27,27.06
VRV Singh,2,4,3,1,0,4,0,0,133.33,2.0
VS Malik,2,7,7,1,0,6,0,0,100.0,3.5
VS Yeligati,1,2,2,0,0,2,0,0,100.0,2.0
VVS Laxman,20,282,266,33,5,52,1,0,106.02,14.1
VY Mahesh,5,15,27,0,0,6,0,0,55.56,3.0
Vijaykumar Vyshak,4,14,12,0,1,13,0,0,116.67,3.5
Virat Singh,2,15,26,1,0,11,0,0,57.69,7.5
Vishnu Vinod,6,56,56,3,3,30,0,0,100.0,9.33
Vivrant Sharma,1,69,47,9,2,69,1,0,146.81,69.0
W Jaffer,8,130,121,14,3,50,1,0,107.44,16.25
WA Mota,8,56,75,2,0,25,0,0,74.67,7.0
WD Parnell,13,65,80,4,1,16,0,0,81.25,5.0
WG Jacks,8,230,130,16,18,100,2,1,176.92,28.75
WP Saha,143,2934,2296,296,87,115,14,1,127.79,20.52
WPUJC Vaas,11,81,72,2,3,20,0,0,112.5,7.36
Washington Sundar,38,378,324,32,9,40,0,0,116.67,9.95
X Thalaivan Sargunam,1,10,17,0,0,10,0,0,58.82,10.0
Y Gnaneswara Rao,1,19,17,3,0,19,0,0,111.76,19.0
Y Nagar,20,285,259,20,9,44,0,0,110.04,14.25
Y Prithvi Raj,1,0,1,0,0,0,0,0,0.0,0.0
Y Venugopal Rao,52,985,832,77,37,71,3,0,118.39,18.94
YA Abdulla,1,0,1,0,0,0,0,0,0.0,0.0
YBK Jaiswal,52,1607,1062,199,64,124,11,2,151.32,30.9
YK Pathan,153,3222,2233,263,161,100,15,1,144.29,21.06
YS Chahal,17,37,86,0,0,8,0,0,43.02,2.18
YV Dhull,3,16,23,1,0,13,0,0,69.57,5.33
YV Takawale,10,192,177,26,3,45,0,0,108.47,19.2
Yash Dayal,1,0,1,0,0,0,0,0,0.0,0.0
Yashpal Singh,4,47,65,5,0,20,0,0,72.31,11.75
Younis Khan,1,3,7,0,0,3,0,0,42.86,3.0
Yudhvir Singh,4,22,16,1,2,14,0,0,137.5,5.5
Yuvraj Singh,126,2754,2115,218,149,83,13,0,130.21,21.86
Z Khan,27,117,140,11,2,23,0,0,83.57,4.33
